<configurations  defaultconfmapping="*->@(*)">
	  <conf name="default" visibility="public" description="runtime dependencies and master artifacts" extends="distrib,nondistrib,master"/>
	  <conf name="publish" visibility="public" description="redistributable runtime dependencies and master artifacts" extends="distrib,master"/>
	  <conf name="master" visibility="public" description="artifacts produced by this module itself, with no transitive dependencies"/>
	  <conf name="compile" visibility="private" transitive="false" description="dependencies required for compiling the module. non transitive"/>
	  <conf name="distrib" visibility="private" description="runtime dependencies that are redistributable"/>
	  <conf name="nondistrib" visibility="public" description="runtime dependencies that are not redistributable"/>
	  <conf name="source" visibility="public" description="source code for this module"/>
	  <conf name="documentation" visibility="public" description="documentation for this module"/>
	  <conf name="test" visibility="private" description="dependencies required for the test compilation and execution phases."/>
</configurations>
