<ivysettings>
 	<properties file="${ivy.conf.dir}/ivyconf.properties"/>
	<properties environment="env"/>
	<settings defaultResolver="default-chain" />
	<caches lockStrategy="artifact-lock" resolutionCacheDir="${user.home}/.ivy2/resol-cache${env.EXECUTOR_NUMBER}"/>
	<resolvers>
   		<filesystem name="local">
			<ivy pattern="${user.home}/.ivy2/local-repo${env.EXECUTOR_NUMBER}/[organisation]/[module]/ivys/ivy-[revision].xml" />
			<artifact pattern="${user.home}/.ivy2/local-repo${env.EXECUTOR_NUMBER}/[organisation]/[module]/[type]s/[artifact]-[revision].[ext]" />
		</filesystem>

   		<ibiblio name="ibiblio" m2compatible="true" />
   		
		<chain name="default-chain" returnFirst="true">
			<resolver ref="local"/>
			<resolver ref="ibiblio"/>
		</chain>
	</resolvers>
</ivysettings>
